key	vpdIdx	angChord	angKink	dAng	label	cols	kinkDeg	gain	splitIdx	kFrac	lenA	lenB	chordLenM	frontLenM	r3	bestIdx	ruleOk	dyChord	dyKink	cleanRatio	depthM	mpp	areaPx	tilt
1:1	0	50.121285687524924	13.928183621966864	-36.19310206555806	개선	66	54.595308915231534	3.101462783821947	19	0.2878787878787879	3.6129243927375305	1.5864182734823686	2.974022498464051	1.5864182734823686	1	1	true	-68.61026454080763	-49.466104740391415	1	25.412384156693683	0.01143854807101558	54085.5	8.7
1:1	1	57.09099859927351	0.4615819290870839	-56.62941667018643	개선	73	28.321340642288245	4.617585156549196	18	0.2465753424657534	1.9992542687306587	2.0222066940844114	3.6297120955182405	2.0222066940844114	1	1	true	-47.46781714694305	-20.694207916940854	0.9178082191780822	26.12134782140719	0.012603166998327224	46012.5	8.7
1:1	2	5.008592546841585	37.38676403475789	32.378171487916305	악화	90	45.567429527024906	5.174669867198983	42	0.4666666666666667	11.66294969906626	1.7948763811621524	7.436981034531871	1.7948763811621524	1	0	false	-69.95844178892378	-11.237671430934597	0.7777777777777778	27.544627626529675	0.02089039616441537	45247.5	8.7
1:1	3	66.6498103293318	5.191295854090351	-61.45851447524145	개선	81	63.88319603328789	5.603898017405102	19	0.2345679012345679	6.5051124240868266	2.346192247177804	4.480668476937883	2.346192247177804	1	1	true	-46.904792846538726	-15.22379894071446	0.8765432098765432	26.485653652410743	0.014002088990430882	49311	8.7
1:1	4	9.313506419048432	13.674142154144562	4.36063573509613	악화	75	80.35468150134486	2.981885117512399	8	0.10666666666666667	3.1952030057076413	2.2458110534569857	2.433889421024871	2.2458110534569857	1	1	true	-11.018082793134681	-14.110833766115547	1	24.744558926363265	0.008222599395354295	52434	8.7
1:1	5	7.712698833270825	9.780638752076893	2.0679399188060676	악화	138	27.380001947432564	2.343155971851114	70	0.5072463768115942	2.600451192197001	1.7242049089716966	3.4486927651162884	1.7242049089716966	1	1	true	-153.014357276091	-149.649566282347	1	16.2262307355701	0.006293234972839942	117454.5	8.7
1:1	6	1.543788953141434	24.51951615696679	22.975727203825357	악화	84	61.71071339703711	6.285874402764974	39	0.4642857142857143	12.889956338228481	3.005722059149653	7.901097038562919	3.005722059149653	1	0	false	-80.98402941235463	-16.252503517205128	0.5952380952380952	28.31841807620175	0.023798485055912408	45846	8.7
1:1	7	3.7525830079452276	3.7525830079452276	0	폴백	87	0.15129084419923877	1.141079056091516	36	0.41379310344827586	1.7752819537756592	2.7019139614147885	3.8669543086204823	3.8669543086204823	0	0	true	-16.733575145963414	-16.733575145963414	0.896551724137931	29.398749899223702	0.011241146245989774	50805	8.7
1:2	0	57.51828134373368	57.51828134373368	0	폴백	197	3.194319970774129	1.900947654310867	94	0.47715736040609136	1.8809478157220887	1.9778674093723791	4.014331357313461	4.014331357313461	0	1	false	-172.44401793009183	-172.44401793009183	0.649746192893401	11.82692989205124	0.00512032060881819	210519	20.1
1:2	1	10.95435098530129	14.051101968799253	3.096750983497964	악화	72	60.314666214768884	4.42555146316197	13	0.18055555555555555	1.8138104561051287	1.5039638191053488	2.1500279182504136	1.5039638191053488	1	1	true	-125.5062516929695	-150.4403025629723	0.125	17.77712464453683	0.007570520838909907	42610.5	20.1
1:2	2	39.34977119442373	63.322967723387514	23.973196528963783	악화	187	47.68281774483047	1.8048144281095873	83	0.44385026737967914	4.1802474913820244	2.259866007830468	3.9536495481804277	2.259866007830468	1	0	false	-124.31074155442445	-80.90467668554402	0.43315508021390375	15.163049666538354	0.00531404509164036	169722.00000000006	20.1
1:2	3	14.526904368216895	15.478851021944832	0.9519466537279371	악화	159	45.19310310272363	1.7778976348741795	54	0.33962264150943394	4.600758462626243	2.8943464390525384	4.3364605465446004	2.8943464390525384	1	1	true	-143.61661781979092	-127.34997112577184	0.050314465408805034	18.159689150053595	0.006861488206557912	96390	20.1
1:2	4	4.569068963739826	4.569068963739826	0	폴백	24	15.966188196482882	7.8035305983877885	19	0.7916666666666666	0.669819289336191	0.2444636472707059	0.9437929298624813	0.9437929298624813	0	1	false	-19.197085676795155	-19.197085676795155	0.20833333333333334	26.64463753878705	0.010258618802853057	8734.5	20.1
1:2	5	36.12488629073127	11.291787859511441	-24.833098431219828	개선	55	72.34741322266184	1.8991511850212186	8	0.14545454545454545	2.0800520884179976	1.7451323356466093	1.8894572651095074	1.7451323356466093	1	1	true	-28.450642787560696	-34.40558695630587	0.9272727272727272	26.32620677484362	0.008747487338469941	24934.5	20.1
1:2	6	14.535887194022937	2.8000637432390456	-11.735823450783892	개선	159	52.81132519170033	4.659314234623465	101	0.6352201257861635	7.202594479995528	2.480765693282825	7.101029332898494	2.480765693282825	1	1	true	-227.83092786503232	-21.955993316099182	0.389937106918239	18.072026517305876	0.01123580590648496	109615.5	20.1
1:2	7	60.55700481805312	3.514674208963833	-57.04233060908929	개선	116	51.25282832365282	4.356166000848912	45	0.3879310344827586	5.034808837848356	2.8722214198995317	4.053450722397763	2.8722214198995317	1	1	true	-184.75646542657324	-119.15442447476761	0.02586206896551724	20.000103218749743	0.008811849396516875	61191	20.1
1:2	8	70.8504660074525	28.8070805727961	-42.0433854346564	개선	207	50.42495316150779	5.865061567954279	29	0.14009661835748793	1.1892210125152756	2.474853042863434	4.129722587618616	2.474853042863434	1	1	true	-58.598220784325235	106.60847626725058	1	8.57672157937883	0.005011799256818709	350716.49999999994	20.1
1:2	9	35.363004072413226	5.690567120929973	-29.672436951483252	개선	66	42.452273331806495	2.1436773742379382	14	0.21212121212121213	2.4840160436043113	2.0843987653004623	2.527256732751376	2.0843987653004623	1	1	true	-28.662945897453966	-20.22638031686219	0.8636363636363636	27.965764665349003	0.009720218202889907	17001	20.1
1:3	0	0.2704011496752948	7.884866589268507	7.614465439593212	악화	84	61.497435534301225	2.467441285458893	70	0.8333333333333334	1.7924136697245723	1.2083214465943268	2.1657304003790427	1.7924136697245723	0	0	true	-57.73324837772884	-52.98858884996815	1	10.30978610758687	0.006523284338491093	71397	35.8
2:1	0	8.229075034859362	7.322399121346039	-0.9066759135133227	개선	96	65.50240611292716	1.9509767798010642	29	0.3020833333333333	7.785374757302839	2.7492280476921893	6.1978243111387465	2.7492280476921893	1	1	true	-85.95949316366875	-26.444988765000062	0.7708333333333334	26.212206915536356	0.016310063976680913	52956	10
2:1	1	58.13237750905052	1.8382761356393298	-56.29410137341119	개선	84	41.78893922014921	4.102677544029231	18	0.21428571428571427	2.4933636244394877	1.9538286353594938	3.7650632714062127	1.9538286353594938	1	1	true	-54.08691568363929	-21.50544304151242	0.9880952380952381	23.63615050777579	0.01134055202230787	64557	10
2:1	2	38.225500425799225	38.225500425799225	0	폴백	99	14.370667294094117	1.5533703977294058	31	0.31313131313131315	2.3340074068985586	2.733969289438499	3.427937591938119	3.427937591938119	1	1	true	-47.95060197911778	-47.95060197911778	0.797979797979798	25.235448923524807	0.00874473875494418	65866.5	10
2:1	3	11.296604723826004	38.93688683683247	27.640282113006467	악화	174	40.67884226430309	2.9717002187839228	62	0.3563218390804598	14.73940990954503	3.950623177804962	9.88114071483556	3.950623177804962	1	0	false	-84.26140335186244	-20.490409469660108	0.632183908045977	29.477820323249677	0.01427910507924214	102510	10
2:1	4	26.742876924523184	1.3665803422325882	-25.376296582290596	개선	93	36.70862023291684	2.9644461358353356	24	0.25806451612903225	2.7998843011483583	2.2670760274431685	2.9598792918419203	2.2670760274431685	1	1	true	-36.17818293024061	-22.496234661522976	0.967741935483871	24.16816020117765	0.008043150249570436	65763	10
2:1	5	81.20361214245227	23.26700152818041	-57.93661061427186	개선	121	34.2566166139843	6.731660585366835	66	0.5454545454545454	1.764152547915921	3.2502627861508118	4.248686140795107	1.764152547915921	0	0	true	-156.59243716642152	-46.376398304892405	0.5206611570247934	17.827883920709134	0.008851429459989808	94729.5	10
2:1	6	14.81449516783417	14.81449516783417	0	폴백	58	3.0441870350232683	1.3329238363448244	37	0.6379310344827587	1.1147229142030315	0.5069662544814126	1.4270267426653531	1.4270267426653531	1	0	false	-33.43701813586176	-33.43701813586176	1	16.16462888640219	0.006258889222216461	46651.5	10
2:1	7	23.464674583183943	24.183856138187217	0.7191815550032743	악화	159	42.80197444051735	1.5328647302589762	147	0.9245283018867925	2.7505225406759664	0.6131841733857322	2.968264429267232	2.7505225406759664	0	0	true	386.92055279978354	384.8558432235476	1	14.289941974918337	0.004696620932384861	150151.5	10
2:2	0	57.147964951969264	3.0760368904041338	-54.07192806156513	개선	119	45.325828127577324	5.813409627508751	82	0.6890756302521008	3.2456763934944406	4.330041820769338	4.021990032148305	3.2456763934944406	0	0	true	-187.15201431634432	-135.6959775016698	0.13445378151260504	23.045839848622307	0.008521165322348104	57123	17
2:2	1	74.26287958846582	14.38174243744276	-59.88113715102306	개선	107	37.788933254072006	7.716053297549434	59	0.5514018691588785	2.197680298332773	5.641966043062123	4.36761814048768	2.197680298332773	0	0	true	-182.70314702733197	-134.1808900021293	0.2336448598130841	25.137124385415326	0.010300986180395473	41337	17
2:2	2	0.9079243579425559	9.087599420320734	8.179675062378179	악화	195	49.035552714765586	3.990093629343728	98	0.5025641025641026	2.1519510564825692	7.109699221609354	7.030452515611537	2.1519510564825692	0	0	true	-263.682475638023	-33.29738153311223	0.6358974358974359	13.90746986160672	0.009059861489190125	209407.5	17
2:2	3	48.986128036105576	6.811640262925936	-42.17448777317964	개선	126	48.02424881567214	3.3604906561457204	90	0.7142857142857143	2.6813026114313305	4.275936600689082	3.7327360432883325	2.6813026114313305	0	0	true	-185.72232991340604	-140.2041163951593	0.09523809523809523	21.269705316892146	0.007465472086576665	70798.5	17
2:2	4	14.50211801212457	20.071172265281575	5.569054253157006	악화	168	35.7700356468698	5.167643919546848	71	0.4226190476190476	1.9330088136854378	7.4306154835825575	7.773264259241794	1.9330088136854378	0	0	true	-222.91735894827718	-42.61835538531466	0.5	20.334990316260434	0.011636623142577537	108256.5	17
2:2	5	35.46133681947408	35.46133681947408	0	폴백	52	4.785816724787848	2.6023901230703554	36	0.6923076923076923	1.446128887157362	0.4282941473122988	2.6034989400903275	2.6034989400903275	1	1	true	-117.38004796433268	-117.38004796433268	0.36538461538461536	20.309237142322896	0.012762249706325135	30235.5	17
2:2	6	1.387720820008068	10.607499996814113	9.219779176806044	악화	189	86.33893100476958	2.253211282686337	146	0.7724867724867724	5.699768096703846	7.0244425424187895	6.698847150113862	5.699768096703846	0	0	true	-232.7858805204096	-168.49373703950425	0.42328042328042326	17.8892943004447	0.008908041423023752	142317	17
2:2	7	61.373257603237484	85.6313443516677	24.258086748430223	악화	79	22.293746503558438	1.8341444167200844	22	0.27848101265822783	2.4070949426935706	2.235877202351402	2.968711896520845	2.235877202351402	1	0	false	-179.45762250427384	-161.3955660500862	1	31.705860813732286	0.009515102232438606	33763.5	17
2:2	8	51.222189269688066	24.479186172246155	-26.74300309744191	개선	207	35.418902583626995	2.693755677833521	150	0.7246376811594203	2.5675915099547386	2.085959974904929	3.852938205182645	2.5675915099547386	0	0	true	-161.85833284260355	-68.60425550942352	1	12.363081685915436	0.004675895880076025	267358.5	17
